event_name	tweet_id	image_id	tweet_text	image	label	label_text	label_image	label_text_image	new_cate
california_wildfires	920116683779346432	920116683779346432_0	California Wildfire Neighbors Spare Some, But Neighborhoods Are Decimated https://t.co/kPSTC2iKz7 https://t.co/t8tPRlWfEJ	data_image/california_wildfires/17_10_2017/920116683779346432_0.jpg	infrastructure_and_utility_damage	infrastructure_and_utility_damage	infrastructure_and_utility_damage	Positive	damage_report
hurricane_harvey	907428428755951616	907428428755951616_0	Former NASCAR driver Kenny Wallace visits area to help some Hurricane Harvey victims https://t.co/ITOezq2JK3 #NASCAR https://t.co/vDV4ZxjND6	data_image/hurricane_harvey/12_9_2017/907428428755951616_0.jpg	rescue_volunteering_or_donation_effort	rescue_volunteering_or_donation_effort	not_humanitarian	Negative	emergency_response
hurricane_irma	910223844492894210	910223844492894210_0	RT @wsbtv: Atlanta Humane Society creates makeshift shelter for four-legged Irma refugees https://t.co/O0zpPIYibA https://t.co/W27yQlZNID	data_image/hurricane_irma/19_9_2017/910223844492894210_0.jpg	not_humanitarian	rescue_volunteering_or_donation_effort	not_humanitarian	Negative	emergency_response
hurricane_harvey	907305881867603968	907305881867603968_0	Voted NO on #Harvey aid ...#Irma https://t.co/q22gODMeFb	data_image/hurricane_harvey/11_9_2017/907305881867603968_0.jpg	other_relevant_information	not_humanitarian	other_relevant_information	Negative	irrelevant
hurricane_maria	912042078745485312	912042078745485312_0	RT @SimonStormRider: HUGE difference between tree damage in #HurricaneIrma vs #HurricaneMaria @JustonStrmRider https://t.co/znEGBCo1QK	data_image/hurricane_maria/24_9_2017/912042078745485312_0.jpg	infrastructure_and_utility_damage	other_relevant_information	infrastructure_and_utility_damage	Negative	information_share
mexico_earthquake	910671450754789378	910671450754789378_0	In Passaic, an outpouring of concern after Mexico earthquake https://t.co/mcgF5vWdLJ https://t.co/M141LH5Sz0	data_image/mexico_earthquake/21_9_2017/910671450754789378_0.jpg	rescue_volunteering_or_donation_effort	other_relevant_information	rescue_volunteering_or_donation_effort	Negative	information_share
hurricane_irma	910153025280282625	910153025280282625_0	FIU closes Biscayne Bay dorm due to water damage left by Hurricane Irma https://t.co/kQhTDZSt9f https://t.co/0iwh7uErfu	data_image/hurricane_irma/19_9_2017/910153025280282625_0.jpg	not_humanitarian	infrastructure_and_utility_damage	not_humanitarian	Negative	damage_report
hurricane_harvey	909197945710551042	909197945710551042_1	3x13 ~ 4x13 ~ 7x10 donna's the only person who knows what kind of gift harvey would like to get https://t.co/ChT9rXwG20	data_image/hurricane_harvey/16_9_2017/909197945710551042_1.jpg	not_humanitarian	not_humanitarian	not_humanitarian	Positive	irrelevant
hurricane_harvey	901780000189423616	901780000189423616_0	https://t.co/wgVUF8tkDl Stop screwing around and send in Navy Amphibous AmTracks #HurricaneHarvey https://t.co/cjV86lrX23	data_image/hurricane_harvey/27_8_2017/901780000189423616_0.jpg	not_humanitarian	not_humanitarian	not_humanitarian	Positive	irrelevant
hurricane_harvey	906983956553322502	906983956553322502_0	@HoustonTexans pleaae help me share this story of a family in need of help after harvey took everything https://t.co/IXNszFdYkP	data_image/hurricane_harvey/10_9_2017/906983956553322502_0.jpg	not_humanitarian	affected_individuals	not_humanitarian	Negative	emergency_response
hurricane_harvey	908449148835262464	908449148835262464_0	#BREAKING Police investigating Port Arthur nursing home flooded during Harvey https://t.co/Gl7OWpIGSZ https://t.co/xuQ2fSIGxh	data_image/hurricane_harvey/14_9_2017/908449148835262464_0.jpg	rescue_volunteering_or_donation_effort	infrastructure_and_utility_damage	rescue_volunteering_or_donation_effort	Negative	damage_report
hurricane_maria	921529194730983424	921529194730983424_0	RT @wilfredodiazPR: @NewsfromJEA Thanks for support PUERTO RICO ἟5἟7 #PRStrong GOD BLESS JEA ἟A἟8 https://t.co/C6swj8bkIj	data_image/hurricane_maria/21_10_2017/921529194730983424_0.jpg	not_humanitarian	not_humanitarian	not_humanitarian	Positive	irrelevant
hurricane_irma	909920250459824129	909920250459824129_1	#IRMA NFL : Soon. #DETvsNYG #GiantsPride https://t.co/Qvj4765fFx (via Twitter https://t.co/y9o84EXD2O) https://t.co/4xKS60N0WO	data_image/hurricane_irma/18_9_2017/909920250459824129_1.jpg	not_humanitarian	not_humanitarian	not_humanitarian	Positive	irrelevant
hurricane_harvey	904433649545658368	904433649545658368_0	RT @CBSSunday: Aftermath: At least 6,800 homes destroyed by Hurricane Harvey and 84,000 damaged #SundayMorning https://t.co/C50VrmU9mA	data_image/hurricane_harvey/3_9_2017/904433649545658368_0.jpg	infrastructure_and_utility_damage	infrastructure_and_utility_damage	other_relevant_information	Negative	damage_report
srilanka_floods	870508804370083840	870508804370083840_0	#Latin Word of the Day - mora: delay Click for audio! https://t.co/U9HOyrwqW5 https://t.co/4rCNwstW7x	data_image/srilanka_floods/2_6_2017/870508804370083840_0.png	not_humanitarian	not_humanitarian	not_humanitarian	Positive	irrelevant
mexico_earthquake	910545486062419968	910545486062419968_0	.Central #Mexico #Earthquake #Worksheet #Geography #Junior Cycle #JCGeography https://t.co/QyZHKgSFNj	data_image/mexico_earthquake/20_9_2017/910545486062419968_0.jpg	not_humanitarian	not_humanitarian	not_humanitarian	Positive	irrelevant
hurricane_harvey	907238801902145536	907238801902145536_0	Tornado activity detected near Hard Rock Stadium; engineers to assess damage https://t.co/m9P8v43fC8 https://t.co/Qk0HrXdqCe	data_image/hurricane_harvey/11_9_2017/907238801902145536_0.jpg	infrastructure_and_utility_damage	infrastructure_and_utility_damage	not_humanitarian	Negative	damage_report
hurricane_harvey	904787326014025730	904787326014025730_0	RT @JeanneBliss: Southwest Airlines went above and beyond on CX during #Harvey: - https://t.co/vIXdJt85Ya #custexp https://t.co/XLlTF6KKnA	data_image/hurricane_harvey/4_9_2017/904787326014025730_0.jpg	not_humanitarian	not_humanitarian	not_humanitarian	Positive	irrelevant
hurricane_irma	905705134361120768	905705134361120768_0	RT @pressedirect: Princess #Juliana Airport is destroyed by #Hurricane #Irma https://t.co/jdeyh5ZYuV	data_image/hurricane_irma/7_9_2017/905705134361120768_0.jpg	infrastructure_and_utility_damage	infrastructure_and_utility_damage	infrastructure_and_utility_damage	Positive	damage_report
hurricane_harvey	909938076423675905	909938076423675905_2	@TheDoctorIsILL My house after Harvey. Lol. You never know.... https://t.co/BhRPPyIJAF	data_image/hurricane_harvey/19_9_2017/909938076423675905_2.jpg	infrastructure_and_utility_damage	infrastructure_and_utility_damage	infrastructure_and_utility_damage	Positive	damage_report
iraq_iran_earthquake	930652773116534784	930652773116534784_0	Expert in JOSM? Jump into multiple #HOTOSM tasks for Iran/Iraq earthquake: https://t.co/hhG1IHkRxL #URISA https://t.co/gdzJrva8lq	data_image/iraq_iran_earthquake/15_11_2017/930652773116534784_0.jpg	infrastructure_and_utility_damage	other_relevant_information	infrastructure_and_utility_damage	Negative	information_share
mexico_earthquake	910534407919947782	910534407919947782_0	Pau Gasol shares his support for victims of Mexico City earthquake https://t.co/UBGMf4X1uN #GoSpursGo https://t.co/taHvdK5Wa4	data_image/mexico_earthquake/20_9_2017/910534407919947782_0.jpg	rescue_volunteering_or_donation_effort	rescue_volunteering_or_donation_effort	not_humanitarian	Negative	emergency_response
srilanka_floods	878326464734609408	878326464734609408_1	School with Smile book distribution for 978 flood affected students ! #floodsl #helphumanity #education #unity https://t.co/A7lgiiwbyg	data_image/srilanka_floods/23_6_2017/878326464734609408_1.jpg	other_relevant_information	other_relevant_information	not_humanitarian	Negative	information_share
california_wildfires	920702816733278213	920702816733278213_0	He lost his home to the wildfire and poured his pain into a web comic https://t.co/rtXQyNAZJ6 #SocialMedia https://t.co/JhM7kNY6FD	data_image/california_wildfires/18_10_2017/920702816733278213_0.jpg	not_humanitarian	infrastructure_and_utility_damage	not_humanitarian	Negative	damage_report
hurricane_irma	909835088044580864	909835088044580864_0	Clearing it all out. Some hot and sweaty tree work post Hurricane Irma. https://t.co/W1Fn9eYeFF	data_image/hurricane_irma/18_9_2017/909835088044580864_0.jpg	infrastructure_and_utility_damage	infrastructure_and_utility_damage	not_humanitarian	Negative	damage_report
hurricane_irma	909888420905930754	909888420905930754_3	Our boardwalk through the Cypress tree preserve sustained heavy damage from #Irma ὢD. We will rebuild. @LeeSchools https://t.co/MnyF000pjG	data_image/hurricane_irma/18_9_2017/909888420905930754_3.jpg	infrastructure_and_utility_damage	infrastructure_and_utility_damage	infrastructure_and_utility_damage	Positive	damage_report
hurricane_irma	910216659557847040	910216659557847040_0	If you know a senior in the #EnglewoodFL area who is still without power, Grand Villa would like to help. Call us a‚Ä¶ https://t.co/DqQy0rfCKp	data_image/hurricane_irma/19_9_2017/910216659557847040_0.jpg	not_humanitarian	infrastructure_and_utility_damage	not_humanitarian	Negative	damage_report
hurricane_irma	909890256299745280	909890256299745280_1	Our yard after Hurricane Irma. #IrmaGerd https://t.co/r4qLh7Ebqh	data_image/hurricane_irma/18_9_2017/909890256299745280_1.jpg	infrastructure_and_utility_damage	infrastructure_and_utility_damage	infrastructure_and_utility_damage	Positive	damage_report
hurricane_maria	910534109553979392	910534109553979392_1	Here's a few photos for you showing some of the damage Hurricane #Maria has done on Puerto Rico. @hurrtrackerapp https://t.co/zGNgkjyxT2	data_image/hurricane_maria/20_9_2017/910534109553979392_1.jpg	infrastructure_and_utility_damage	other_relevant_information	infrastructure_and_utility_damage	Negative	information_share
hurricane_maria	910621299482996736	910621299482996736_0	The CHI 9/21/17: Press Conference About Hurricane Maria's Impact on PR &amp; Community's Res... https://t.co/hRMvHmmGHC https://t.co/AzyHakRwHo	data_image/hurricane_maria/20_9_2017/910621299482996736_0.jpg	other_relevant_information	other_relevant_information	other_relevant_information	Positive	information_share
iraq_iran_earthquake	930671304470073344	930671304470073344_0	Residents scarred by devastating earthquake near #Iran-#Iraq border #statemedia https://t.co/V9uaHDuATX https://t.co/PNVGlNhUsc	data_image/iraq_iran_earthquake/15_11_2017/930671304470073344_0.jpg	affected_individuals	affected_individuals	other_relevant_information	Negative	emergency_response
california_wildfires	917835421073031168	917835421073031168_0	Cincinnati couple escapes California wildfires https://t.co/5A1O8RsA6l https://t.co/8pa3El1axH	data_image/california_wildfires/10_10_2017/917835421073031168_0.jpg	not_humanitarian	affected_individuals	not_humanitarian	Negative	emergency_response
hurricane_harvey	904379734745866240	904379734745866240_0	RT @Jalopnik: Up to 500,000 cars could be totaled from Hurricane Harvey damage https://t.co/Vseq7oMAhm https://t.co/Hx0BGSc4cu	data_image/hurricane_harvey/3_9_2017/904379734745866240_0.jpg	vehicle_damage	vehicle_damage	vehicle_damage	Positive	damage_report
hurricane_maria	913116228146925568	913116228146925568_0	Videos: #DoD assets help #Caribbean region ravaged by #HurricaneMaria https://t.co/1fcswc3xKH https://t.co/LB5JUgHfeR	data_image/hurricane_maria/27_9_2017/913116228146925568_0.jpg	rescue_volunteering_or_donation_effort	infrastructure_and_utility_damage	rescue_volunteering_or_donation_effort	Negative	damage_report
hurricane_maria	915307018621243392	915307018621243392_0	RT @ezraklein: So is this cause or effect of Trump's slow reaction to Puerto Rico? https://t.co/CROArWXCW1 https://t.co/mWOK8nIRVw	data_image/hurricane_maria/3_10_2017/915307018621243392_0.jpg	not_humanitarian	not_humanitarian	not_humanitarian	Positive	irrelevant
hurricane_irma	909761359616921600	909761359616921600_0	#Irma and now #Jose eating away newly replenished beaches in #StoneHarborNJ More to come! https://t.co/wURfdCNXyo	data_image/hurricane_irma/18_9_2017/909761359616921600_0.jpg	not_humanitarian	other_relevant_information	not_humanitarian	Negative	information_share
hurricane_irma	905658685887717377	905658685887717377_0	RT @ColeIsAnOcean: Alright Hurricane Irma let's settle this like men https://t.co/CsNOuxHvrT	data_image/hurricane_irma/7_9_2017/905658685887717377_0.jpg	not_humanitarian	other_relevant_information	not_humanitarian	Negative	information_share
california_wildfires	920411239574130688	920411239574130688_0	Insane Live Footage of the California Wildfires:https://t.co/06trEw9bC2 https://t.co/LjPNCXepsj	data_image/california_wildfires/17_10_2017/920411239574130688_0.jpg	infrastructure_and_utility_damage	other_relevant_information	infrastructure_and_utility_damage	Negative	information_share
hurricane_harvey	907014114047905794	907014114047905794_0	RT @NormaniUpdate: Lori Harvey commented on Normani's post on Instagram https://t.co/imoPYj4h6f	data_image/hurricane_harvey/10_9_2017/907014114047905794_0.jpg	not_humanitarian	not_humanitarian	not_humanitarian	Positive	irrelevant
hurricane_irma	909866925378830337	909866925378830337_0	Bayfront Park After Hurricane Irma – Miami Picture https://t.co/nkI8Uo5iDE https://t.co/8Vq7Y3lL90	data_image/hurricane_irma/18_9_2017/909866925378830337_0.jpg	other_relevant_information	infrastructure_and_utility_damage	other_relevant_information	Negative	damage_report
hurricane_maria	911513668164177920	911513668164177920_0	A storm has never destroyed a power grid like Maria ruined Puerto Rico's https://t.co/81xzaXQI7V https://t.co/ycMeJY5OCG	data_image/hurricane_maria/23_9_2017/911513668164177920_0.jpg	infrastructure_and_utility_damage	infrastructure_and_utility_damage	infrastructure_and_utility_damage	Positive	damage_report
california_wildfires	920387925187194881	920387925187194881_0	#Baby #Girl Born #SantaRosa #Mom Evacuating #Wildfires: https://t.co/QgCuu6Jsfu, https://t.co/Pf3j4IfgIl https://t.co/bLdCXBYx4Y	data_image/california_wildfires/17_10_2017/920387925187194881_0.jpg	not_humanitarian	not_humanitarian	not_humanitarian	Positive	irrelevant
mexico_earthquake	913102526383144961	913102526383144961_1	RT @CGTNOfficial: Three people from #Taiwan died in #MexicoEarthquake, Chinese embassy in Mexico confirms https://t.co/2Ig19YnCbs	data_image/mexico_earthquake/27_9_2017/913102526383144961_1.jpg	infrastructure_and_utility_damage	injured_or_dead_people	infrastructure_and_utility_damage	Negative	emergency_response
hurricane_harvey	905137970751135744	905137970751135744_2	Thank you TRC @myRefugeChurch FOR BEING CRAZY GIVERS!!! Sending Harvey relief. https://t.co/hjQR7AM7gO	data_image/hurricane_harvey/5_9_2017/905137970751135744_2.jpg	rescue_volunteering_or_donation_effort	rescue_volunteering_or_donation_effort	not_humanitarian	Negative	emergency_response
hurricane_irma	909400859737559040	909400859737559040_0	@Anaridis @StephanieAbrams @cbsboston St. Thomas from space after Irma https://t.co/T8igtrAf7y	data_image/hurricane_irma/17_9_2017/909400859737559040_0.jpg	other_relevant_information	other_relevant_information	other_relevant_information	Positive	information_share
hurricane_maria	928707216470929408	928707216470929408_0	WAU welcomes Dr. Obed Jimenez, President of Antillean Adventist University in Mayaguez Puerto Rico. #ThisisWAU https://t.co/ThLPvsIRZs	data_image/hurricane_maria/9_11_2017/928707216470929408_0.jpg	not_humanitarian	not_humanitarian	not_humanitarian	Positive	irrelevant
hurricane_harvey	905923641174630402	905923641174630402_0	A-a-and it's the tw-two brothers a-against the hurricane tornado with with fly-flying sh-sharks 2 https://t.co/DrA07zHUm9	data_image/hurricane_harvey/7_9_2017/905923641174630402_0.jpg	affected_individuals	affected_individuals	other_relevant_information	Negative	emergency_response
mexico_earthquake	910538402759618561	910538402759618561_1	Here's how you can help after the terrible earthquake that took place in Mexico. #FuerzaMÃ©xico á¼Ÿ2á¼ŸD @topos https://t.co/g3AFdTCjYB	data_image/mexico_earthquake/20_9_2017/910538402759618561_1.jpg	not_humanitarian	rescue_volunteering_or_donation_effort	not_humanitarian	Negative	emergency_response
mexico_earthquake	910715329084624896	910715329084624896_0	#Mexico #Earthquake: #Race to #Find #Survivors under #Collaps... - https://t.co/TytLbsmoRh - https://t.co/2mCNjOLhLp	data_image/mexico_earthquake/21_9_2017/910715329084624896_0.jpg	other_relevant_information	other_relevant_information	rescue_volunteering_or_donation_effort	Negative	information_share
hurricane_irma	909776832555360256	909776832555360256_1	Hurricane Irma impacted Mosquito Squad of Greater Indy owner, Capricia Turner - Read the story &gt;&gt;&gt;‚Ä¶ https://t.co/2EbfDvqSgt	data_image/hurricane_irma/18_9_2017/909776832555360256_1.jpg	not_humanitarian	infrastructure_and_utility_damage	not_humanitarian	Negative	damage_report
hurricane_maria	912302397732671488	912302397732671488_0	8 a.m. update has Maria barely holding on as a hurricane. It's over cooler water that was stirred up by Jose. https://t.co/7UNFJMolwZ	data_image/hurricane_maria/25_9_2017/912302397732671488_0.jpg	other_relevant_information	other_relevant_information	other_relevant_information	Positive	information_share
hurricane_harvey	904508316579225601	904508316579225601_0	https://t.co/n8ZhxlNpb9 Get your daily deals here! #hurricaneharvey#skincare#makeup#avon https://t.co/ETP0hucllK	data_image/hurricane_harvey/4_9_2017/904508316579225601_0.jpg	not_humanitarian	not_humanitarian	not_humanitarian	Positive	irrelevant
hurricane_maria	922839733964767232	922839733964767232_0	Tiny Montana company signs $300M contract to help restore power in Puerto Rico https://t.co/cI3iMsX776 https://t.co/i5wR6lDVSS	data_image/hurricane_maria/24_10_2017/922839733964767232_0.jpg	not_humanitarian	rescue_volunteering_or_donation_effort	not_humanitarian	Negative	emergency_response
hurricane_harvey	901741728520130560	901741728520130560_0	RT @Newsweek_INT: Hurricane Harvey, Day 3 live—alerts, pictures and updates https://t.co/zVtSxiBqx8 https://t.co/qKhDiyZzw0	data_image/hurricane_harvey/27_8_2017/901741728520130560_0.jpg	infrastructure_and_utility_damage	other_relevant_information	infrastructure_and_utility_damage	Negative	information_share
hurricane_irma	909405438055198720	909405438055198720_0	Biblical Type Miracle? What Happened in Tampa Bay as Hurricane Irma Roared Through https://t.co/hXMjTS79QY https://t.co/5zrUBSEC2K	data_image/hurricane_irma/17_9_2017/909405438055198720_0.jpg	not_humanitarian	other_relevant_information	not_humanitarian	Negative	information_share
hurricane_maria	910625419161780224	910625419161780224_0	Video shows destruction left behind by Hurricane Maria https://t.co/BNlOPsJ7QT https://t.co/YfM84EFebR	data_image/hurricane_maria/20_9_2017/910625419161780224_0.jpg	infrastructure_and_utility_damage	infrastructure_and_utility_damage	infrastructure_and_utility_damage	Positive	damage_report
hurricane_maria	913054825587322880	913054825587322880_0	Hurricane again #Maria and now moving NNE https://t.co/fz6jdzdQyV	data_image/hurricane_maria/27_9_2017/913054825587322880_0.jpg	other_relevant_information	other_relevant_information	other_relevant_information	Positive	information_share
hurricane_irma	905630580745830400	905630580745830400_3	RT @AmichaiStein1: #BREAKING: Hurricane Irma destroys '95%' of French part of Caribbean island St Martin: official https://t.co/xPfMKJJIcJ	data_image/hurricane_irma/7_9_2017/905630580745830400_3.jpg	infrastructure_and_utility_damage	infrastructure_and_utility_damage	infrastructure_and_utility_damage	Positive	damage_report
iraq_iran_earthquake	930952369461964800	930952369461964800_0	In solidarity with the victims of the Iran/Iraq earthquake ὚4#NewProfilePic https://t.co/oYtrzDdYIM	data_image/iraq_iran_earthquake/16_11_2017/930952369461964800_0.jpg	not_humanitarian	not_humanitarian	not_humanitarian	Positive	irrelevant
mexico_earthquake	912048104651788289	912048104651788289_1	Extra images of the leaning building #MexicoEarthquake https://t.co/SibrGMDgjv	data_image/mexico_earthquake/24_9_2017/912048104651788289_1.jpg	infrastructure_and_utility_damage	infrastructure_and_utility_damage	not_humanitarian	Negative	damage_report
iraq_iran_earthquake	930072924752670720	930072924752670720_0	New activation [#EMSR256]: Earthquake in Iraq https://t.co/0xHPjz0OJv #Copernicus #Earthquake #EUCivPro https://t.co/fxHl27wJGy	data_image/iraq_iran_earthquake/13_11_2017/930072924752670720_0.jpg	not_humanitarian	not_humanitarian	not_humanitarian	Positive	irrelevant
hurricane_harvey	909938076423675905	909938076423675905_0	@TheDoctorIsILL My house after Harvey. Lol. You never know.... https://t.co/BhRPPyIJAF	data_image/hurricane_harvey/19_9_2017/909938076423675905_0.jpg	infrastructure_and_utility_damage	infrastructure_and_utility_damage	infrastructure_and_utility_damage	Positive	damage_report
hurricane_harvey	904326731032432640	904326731032432640_2	Do you recognize these animals? Contact Aransas County dispatch at (361) 729-2222 #harvey #rockport #fulton https://t.co/jn5IfStxlh	data_image/hurricane_harvey/3_9_2017/904326731032432640_2.jpg	rescue_volunteering_or_donation_effort	rescue_volunteering_or_donation_effort	not_humanitarian	Negative	emergency_response
mexico_earthquake	911661864156725248	911661864156725248_0	Frida, the dog that uses sense of smell to locate Mexicoâ€™s earthquake survivors https://t.co/oHjTYy4XrA	data_image/mexico_earthquake/23_9_2017/911661864156725248_0.jpg	rescue_volunteering_or_donation_effort	rescue_volunteering_or_donation_effort	rescue_volunteering_or_donation_effort	Positive	emergency_response
hurricane_harvey	904238326399475712	904238326399475712_0	RT @9NEWS: President Trump sends $7.9 billion Harvey aid request to Congress https://t.co/DN6O1QXe61 https://t.co/XEjpV2tTJR	data_image/hurricane_harvey/3_9_2017/904238326399475712_0.jpg	rescue_volunteering_or_donation_effort	rescue_volunteering_or_donation_effort	not_humanitarian	Negative	emergency_response
hurricane_irma	909869946070605825	909869946070605825_0	6 more ways Hurricane Irma will cost Floridians https://t.co/94msUkD8ai via @usatoday https://t.co/uOsz6lW7rV	data_image/hurricane_irma/18_9_2017/909869946070605825_0.jpg	infrastructure_and_utility_damage	other_relevant_information	infrastructure_and_utility_damage	Negative	information_share
hurricane_maria	923208581230546944	923208581230546944_0	ALL PROCEEDS BENEFIT @RickyMartin Foundation to help victims of #HurricaneMaria ~ #Halloween #SouthFlorida https://t.co/UM6GhyI1Cw	data_image/hurricane_maria/25_10_2017/923208581230546944_0.jpg	not_humanitarian	rescue_volunteering_or_donation_effort	not_humanitarian	Negative	emergency_response
hurricane_harvey	908337945928757248	908337945928757248_0	Hurricanes #Harvey and #Irma could take a bite out of Munich Re's profits. https://t.co/On3pUDkO1y https://t.co/BHPl7xL6nZ	data_image/hurricane_harvey/14_9_2017/908337945928757248_0.jpg	other_relevant_information	not_humanitarian	other_relevant_information	Negative	irrelevant
california_wildfires	918237370536906753	918237370536906753_0	Deadly California wildfires flare up and swallow more homes https://t.co/y7JLilbWud https://t.co/62Fl5qtSuq	data_image/california_wildfires/11_10_2017/918237370536906753_0.jpg	infrastructure_and_utility_damage	infrastructure_and_utility_damage	infrastructure_and_utility_damage	Positive	damage_report
hurricane_harvey	907302306206625792	907302306206625792_0	The tech tools crucial to rescuers during Hurricane Harvey #TechBuzz https://t.co/IWyaBeKIlR https://t.co/uo1mrTyfN3	data_image/hurricane_harvey/11_9_2017/907302306206625792_0.jpg	other_relevant_information	other_relevant_information	infrastructure_and_utility_damage	Negative	information_share
hurricane_irma	909855755637067776	909855755637067776_0	https://t.co/x2m9BsjhhG Roads remaining toll free during Irma recovery #FL #Florida https://t.co/6nJqxG8V0j	data_image/hurricane_irma/18_9_2017/909855755637067776_0.jpg	infrastructure_and_utility_damage	infrastructure_and_utility_damage	not_humanitarian	Negative	damage_report
mexico_earthquake	911809952192385024	911809952192385024_0	Despite tense relations, U.S. and Mexico come together for earthquake recovery https://t.co/MAEWVCdwI6 https://t.co/j5FSqczvnO	data_image/mexico_earthquake/24_9_2017/911809952192385024_0.jpg	rescue_volunteering_or_donation_effort	other_relevant_information	rescue_volunteering_or_donation_effort	Negative	information_share
hurricane_harvey	905852739716075521	905852739716075521_0	RT @Mediaite: Texas Abortion Provider to Offer Cost-Free Abortions Post-Harvey https://t.co/iQeRjpxjXT https://t.co/cuABROvHXG	data_image/hurricane_harvey/7_9_2017/905852739716075521_0.jpg	not_humanitarian	not_humanitarian	infrastructure_and_utility_damage	Negative	irrelevant
hurricane_irma	910002553634607104	910002553634607104_0	Insurance questions after Hurricane Irma? - WJXT Jacksonville https://t.co/8ekMcpuzz4 https://t.co/2FwyTvdl2c	data_image/hurricane_irma/19_9_2017/910002553634607104_0.jpg	rescue_volunteering_or_donation_effort	rescue_volunteering_or_donation_effort	infrastructure_and_utility_damage	Negative	emergency_response
hurricane_maria	911913161703424001	911913161703424001_0	Caribbean islands assess damage from Hurricane Maria https://t.co/HBOj82zOrW https://t.co/tKSbrN4gcF	data_image/hurricane_maria/24_9_2017/911913161703424001_0.jpg	other_relevant_information	other_relevant_information	infrastructure_and_utility_damage	Negative	information_share
hurricane_irma	909706382378717184	909706382378717184_0	Hurricane Irma Linked to Climate Change? For Some, a Very ‚ÄòInsensitive‚Äô Question. #Major #Trumpadministration‚Ä¶ https://t.co/UTBAZrkESV	data_image/hurricane_irma/18_9_2017/909706382378717184_0.jpg	not_humanitarian	other_relevant_information	not_humanitarian	Negative	information_share
mexico_earthquake	914184287062073344	914184287062073344_0	Donations are already coming in! #MexicoEarthquake Benefit concert at #HooverHigh starts at noon #LoveSDschools https://t.co/HypZG2xq2N	data_image/mexico_earthquake/30_9_2017/914184287062073344_0.jpg	rescue_volunteering_or_donation_effort	rescue_volunteering_or_donation_effort	rescue_volunteering_or_donation_effort	Positive	emergency_response
hurricane_irma	909806996878061568	909806996878061568_0	Here’s how to get rid of your Tropical Storm Irma debris https://t.co/qQnPUQTsT6 https://t.co/QhGHEqZDzz	data_image/hurricane_irma/18_9_2017/909806996878061568_0.jpg	infrastructure_and_utility_damage	other_relevant_information	infrastructure_and_utility_damage	Negative	information_share
hurricane_harvey	905051204740411394	905051204740411394_0	#AlphaCares Harvey Relief Drive til 7pm at @walmart on Forest Drive in Columbia!!! @ColaFire https://t.co/9uuT3MWUZL	data_image/hurricane_harvey/5_9_2017/905051204740411394_0.jpg	other_relevant_information	other_relevant_information	not_humanitarian	Negative	information_share
hurricane_irma	909750116537458688	909750116537458688_0	AFTER IRMA: What you need to know in Gardens Thursday - Palm Beach Post https://t.co/jaItZtPSby #ILoveWPB https://t.co/11EhXp8MMp	data_image/hurricane_irma/18_9_2017/909750116537458688_0.jpg	other_relevant_information	other_relevant_information	not_humanitarian	Negative	information_share
hurricane_maria	911623393476321280	911623393476321280_0	#redcrossma flying into the unknown to help. #USVI #StCroix #hurricanemaria https://t.co/B876Yp60rH	data_image/hurricane_maria/23_9_2017/911623393476321280_0.jpg	rescue_volunteering_or_donation_effort	rescue_volunteering_or_donation_effort	not_humanitarian	Negative	emergency_response
hurricane_harvey	908723134781517824	908723134781517824_0	Houston refinery â€˜significantly underestimatedâ€™ amount of toxic chemicals releasedâ€¦ https://t.co/D7u9tIT3Ae https://t.co/5VSC2ZqrPM	data_image/hurricane_harvey/15_9_2017/908723134781517824_0.jpg	infrastructure_and_utility_damage	infrastructure_and_utility_damage	infrastructure_and_utility_damage	Positive	damage_report
hurricane_irma	909438308253601795	909438308253601795_0	'Roofing contractors!!' wanted: Companies take stock of damage post-Irma https://t.co/hoydS5CKBK https://t.co/MJ2QHHbXpz	data_image/hurricane_irma/17_9_2017/909438308253601795_0.jpg	infrastructure_and_utility_damage	rescue_volunteering_or_donation_effort	infrastructure_and_utility_damage	Negative	emergency_response
hurricane_harvey	905885453949292544	905885453949292544_0	2017 is wild People in Texas got Harvey People in Florida got Irma People in Michigan got: https://t.co/FXdgQ8ivlS	data_image/hurricane_harvey/7_9_2017/905885453949292544_0.jpg	not_humanitarian	not_humanitarian	not_humanitarian	Positive	irrelevant
hurricane_irma	910186939445338112	910186939445338112_0	Tampa Chapter of @PennStateAlums: 1⃣ Hurricane Irma: 0⃣ Shoutout to these Penn Staters who made it through to watc… https://t.co/CrQnqyWvUh	data_image/hurricane_irma/19_9_2017/910186939445338112_0.jpg	not_humanitarian	not_humanitarian	rescue_volunteering_or_donation_effort	Negative	irrelevant
hurricane_maria	921437685495029761	921437685495029761_0	RT @NevilleRay: Aerial view of the @TMobile recovery facility in Puerto Rico - and yes, that includes the boat! https://t.co/24hS6benGb	data_image/hurricane_maria/20_10_2017/921437685495029761_0.jpg	infrastructure_and_utility_damage	infrastructure_and_utility_damage	not_humanitarian	Negative	damage_report
hurricane_maria	928319326448472066	928319326448472066_0	Just relaxing á½ C &amp; thinking á½ŠDá¾‘4 about my trip to Puerto Rico á¼Ÿ5á¼Ÿ7 in 1week not knowing what to expect... á¾’D https://t.co/G04B47yCaB	data_image/hurricane_maria/8_11_2017/928319326448472066_0.jpg	not_humanitarian	not_humanitarian	not_humanitarian	Positive	irrelevant
mexico_earthquake	912436581847375872	912436581847375872_0	Fernanda Castillo Pays Tribute to Her Family Members Killed in Mexico's Earthquake https://t.co/tBwPJsGIuV https://t.co/NxBJ5pZ6mI	data_image/mexico_earthquake/25_9_2017/912436581847375872_0.jpg	not_humanitarian	injured_or_dead_people	not_humanitarian	Negative	emergency_response
hurricane_irma	910145530755452928	910145530755452928_0	Big thanks to @trackjs for sponsoring some of my silly drawings! Helped me with a generous donation to disaster rel‚Ä¶ https://t.co/C6nJt4lR8H	data_image/hurricane_irma/19_9_2017/910145530755452928_0.jpg	not_humanitarian	not_humanitarian	not_humanitarian	Positive	irrelevant
hurricane_harvey	905082136612540416	905082136612540416_0	Harvey Flooding Damage Likely to Cost Tens of Billions of Money https://t.co/QpACGBf89x https://t.co/M7FvOFf5so	data_image/hurricane_harvey/5_9_2017/905082136612540416_0.jpg	infrastructure_and_utility_damage	infrastructure_and_utility_damage	vehicle_damage	Negative	damage_report
hurricane_harvey	910269781588299776	910269781588299776_0	.@UWMadison students in Houston to aid post-Harvey mosquito control. Read more: https://t.co/ZtAUGRuTTh https://t.co/JGdX6732XE	data_image/hurricane_harvey/19_9_2017/910269781588299776_0.jpg	rescue_volunteering_or_donation_effort	rescue_volunteering_or_donation_effort	not_humanitarian	Negative	emergency_response
hurricane_maria	928053068964552705	928053068964552705_3	Some of my photos from reporting around Puerto Rico this weekend with @unc_mediahub https://t.co/iLWDo1BzTM	data_image/hurricane_maria/8_11_2017/928053068964552705_3.jpg	other_relevant_information	other_relevant_information	infrastructure_and_utility_damage	Negative	information_share
hurricane_irma	909742883716055040	909742883716055040_0	Irma update: Dried-up supply lines leave lessons for stores, frazzled customers https://t.co/LOeYj7YLsc https://t.co/Z8l9P1H6dW	data_image/hurricane_irma/18_9_2017/909742883716055040_0.jpg	not_humanitarian	other_relevant_information	not_humanitarian	Negative	information_share
hurricane_harvey	904644034009989122	904644034009989122_0	RT @DailyMirror: Dog with broken shoulder saved from drowning after Hurricane Harvey https://t.co/aWdNckgp85 https://t.co/xabAtTeTM3	data_image/hurricane_harvey/4_9_2017/904644034009989122_0.jpg	rescue_volunteering_or_donation_effort	rescue_volunteering_or_donation_effort	rescue_volunteering_or_donation_effort	Positive	emergency_response
california_wildfires	919779421803962370	919779421803962370_0	Colorado Emergency Management is sending 20 fire engines to aid in California wildfires. https://t.co/RTAbNQY9Ob	data_image/california_wildfires/16_10_2017/919779421803962370_0.jpg	not_humanitarian	rescue_volunteering_or_donation_effort	not_humanitarian	Negative	emergency_response
hurricane_harvey	907259489728024577	907259489728024577_0	I guess anything less than Harvey or Katrina flood don't matter much. https://t.co/fXp6m0ZKsU	data_image/hurricane_harvey/11_9_2017/907259489728024577_0.jpg	infrastructure_and_utility_damage	not_humanitarian	infrastructure_and_utility_damage	Negative	irrelevant
mexico_earthquake	910623006036303874	910623006036303874_0	A minute of silence for an earthquake in Mexico https://t.co/mDc1Jzegi8	data_image/mexico_earthquake/20_9_2017/910623006036303874_0.jpg	not_humanitarian	not_humanitarian	not_humanitarian	Positive	irrelevant
hurricane_irma	910201953556119552	910201953556119552_0	During Hurricanes Harvey and Irma, Radio Stations Help Communities Weather the Storm https://t.co/0jefBH6awF https://t.co/XTOblg4Too	data_image/hurricane_irma/19_9_2017/910201953556119552_0.jpg	infrastructure_and_utility_damage	rescue_volunteering_or_donation_effort	infrastructure_and_utility_damage	Negative	emergency_response
hurricane_harvey	905777692204830720	905777692204830720_1	Shocker Shout Out to all the student-athletes who donated to support families impacted by Hurricane Harvey! https://t.co/fHIepFunhg	data_image/hurricane_harvey/7_9_2017/905777692204830720_1.jpg	rescue_volunteering_or_donation_effort	rescue_volunteering_or_donation_effort	rescue_volunteering_or_donation_effort	Positive	emergency_response
iraq_iran_earthquake	930400689406164992	930400689406164992_0	Two Babies Born in Makeshift Hospital amid Iran Earthquake https://t.co/vaAyiSM5nc https://t.co/N8HX4KddqO	data_image/iraq_iran_earthquake/14_11_2017/930400689406164992_0.jpg	other_relevant_information	other_relevant_information	injured_or_dead_people	Negative	information_share
hurricane_maria	928269706519371777	928269706519371777_0	The starry OUR TOWN benefit raises $500,000 for Hurricane Maria Community Relief Fund: https://t.co/Mjj8NZEcTg https://t.co/GdPPWx5Jay	data_image/hurricane_maria/8_11_2017/928269706519371777_0.jpg	not_humanitarian	rescue_volunteering_or_donation_effort	not_humanitarian	Negative	emergency_response
hurricane_maria	923697378510520320	923697378510520320_0	South Florida animal groups help pets left homeless by Hurricane Maria https://t.co/0Xluoj9lu2 https://t.co/m5Umuu3ILs	data_image/hurricane_maria/26_10_2017/923697378510520320_0.jpg	not_humanitarian	rescue_volunteering_or_donation_effort	not_humanitarian	Negative	emergency_response
hurricane_irma	910189334489419776	910189334489419776_2	So here's some pics the next day after Irma. https://t.co/fnILcnkSbg	data_image/hurricane_irma/19_9_2017/910189334489419776_2.jpg	not_humanitarian	other_relevant_information	not_humanitarian	Negative	information_share
california_wildfires	920340457221128192	920340457221128192_0	Incarcerated womxn fight California's wildfires https://t.co/m36FjwbIo1 @nytimes #endmassincarceration https://t.co/8QwXYYLHsy	data_image/california_wildfires/17_10_2017/920340457221128192_0.jpg	rescue_volunteering_or_donation_effort	other_relevant_information	rescue_volunteering_or_donation_effort	Negative	information_share
hurricane_irma	910270462822895617	910270462822895617_0	Local Resources #Irma https://t.co/CphnkQ6y37	data_image/hurricane_irma/19_9_2017/910270462822895617_0.jpg	other_relevant_information	other_relevant_information	not_humanitarian	Negative	information_share
hurricane_maria	921316214441463808	921316214441463808_3	RT @motherboard: How to remake Puerto Rico's grid to survive the next storm https://t.co/ioOlMMmgPM https://t.co/GlMHgPoqnd	data_image/hurricane_maria/20_10_2017/921316214441463808_3.jpg	not_humanitarian	other_relevant_information	not_humanitarian	Negative	information_share
hurricane_maria	922177755407704064	922177755407704064_0	@Dance_Xross and #zumba fundraiser at Mountain View Studio for Puerto Rico https://t.co/kHcqqGwveM	data_image/hurricane_maria/22_10_2017/922177755407704064_0.jpg	not_humanitarian	rescue_volunteering_or_donation_effort	not_humanitarian	Negative	emergency_response
hurricane_harvey	905556047984824322	905556047984824322_0	RT @MedinaStormCast: @weatherchannel Crestline, OH tornado damage. https://t.co/6anRQAf3te	data_image/hurricane_harvey/6_9_2017/905556047984824322_0.jpg	infrastructure_and_utility_damage	infrastructure_and_utility_damage	infrastructure_and_utility_damage	Positive	damage_report
hurricane_irma	909829401629548544	909829401629548544_0	RT @Jeff14News: #Irma now CAT 5. NHC Forecast puts center near south Florida by Sunday. #tristatewx https://t.co/F5qQzeaMKk	data_image/hurricane_irma/18_9_2017/909829401629548544_0.jpg	other_relevant_information	other_relevant_information	other_relevant_information	Positive	information_share
mexico_earthquake	913191492868440071	913191492868440071_2	Reuters-At the epicenter of Mexico's earthquake https://t.co/Y2LaXbHXeL @Reuters_co_jp https://t.co/WQzOfXZt4E	data_image/mexico_earthquake/27_9_2017/913191492868440071_2.jpg	other_relevant_information	other_relevant_information	infrastructure_and_utility_damage	Negative	information_share
srilanka_floods	876898272450838528	876898272450838528_2	Banners of Almalexia, Sotha Sil, and Vivec in Sadrith Mora #ESO #Morrowind https://t.co/zxlb8gtVpX	data_image/srilanka_floods/19_6_2017/876898272450838528_2.jpg	not_humanitarian	not_humanitarian	not_humanitarian	Positive	irrelevant
hurricane_harvey	907982532209242112	907982532209242112_0	Tarleton partners in higher education effort to help Harvey-affected students. #harveyHELP https://t.co/x094kRWLpE https://t.co/oUmu7xPnL0	data_image/hurricane_harvey/13_9_2017/907982532209242112_0.jpg	rescue_volunteering_or_donation_effort	rescue_volunteering_or_donation_effort	not_humanitarian	Negative	emergency_response
hurricane_irma	909409197325828098	909409197325828098_0	RT @CatholicNewsSvc: “They say ‘Sister, you’re famous. Can I have your autograph?'” https://t.co/KZzryzgPVy https://t.co/ridd96OVjB #chains…	data_image/hurricane_irma/17_9_2017/909409197325828098_0.jpg	not_humanitarian	not_humanitarian	rescue_volunteering_or_donation_effort	Negative	irrelevant
mexico_earthquake	910681818843582465	910681818843582465_0	RT @SirZaw3: Sky chain too bright in Mexico before giant earthquake Today. https://t.co/Y22j2gtJIz	data_image/mexico_earthquake/21_9_2017/910681818843582465_0.jpg	not_humanitarian	not_humanitarian	not_humanitarian	Positive	irrelevant
hurricane_harvey	906170529379385345	906170529379385345_0	Total Harvey cost could be as high as $100bn, says insurance expert https://t.co/yaWr6KrfFb https://t.co/y8RlDPfGw2	data_image/hurricane_harvey/8_9_2017/906170529379385345_0.jpg	infrastructure_and_utility_damage	infrastructure_and_utility_damage	vehicle_damage	Negative	damage_report
hurricane_irma	909924036779630592	909924036779630592_1	RT @badtweetslinger: Irma knocked out all the lights in Melbourne Beach and LOOK AT IT https://t.co/TONsyh47vQ	data_image/hurricane_irma/18_9_2017/909924036779630592_1.jpg	other_relevant_information	other_relevant_information	infrastructure_and_utility_damage	Negative	information_share
hurricane_irma	909873185226674176	909873185226674176_0	Our drone caught some Irma damage at @AtlantaHarvest. Despite the set back, they're still filling out baskets with… https://t.co/IbZAWyTKpD	data_image/hurricane_irma/18_9_2017/909873185226674176_0.jpg	infrastructure_and_utility_damage	infrastructure_and_utility_damage	infrastructure_and_utility_damage	Positive	damage_report
hurricane_harvey	906281458179989505	906281458179989505_0	#breakingnews #news Trump signs Harvey aid, debt ceiling package - https://t.co/11JIaiU9jN https://t.co/bcF7KxxDNV	data_image/hurricane_harvey/8_9_2017/906281458179989505_0.jpg	not_humanitarian	rescue_volunteering_or_donation_effort	not_humanitarian	Negative	emergency_response
hurricane_irma	909425261971722240	909425261971722240_0	#Buccaneers, #Dolphins and #Jaguars will wear “One Florida” decals on helmets as show of support &amp; solidarity post… https://t.co/aRCjZVcvrE	data_image/hurricane_irma/17_9_2017/909425261971722240_0.jpg	not_humanitarian	not_humanitarian	not_humanitarian	Positive	irrelevant
hurricane_harvey	904274042659766272	904274042659766272_0	Aboard The Navy Rescue Helos Scrambling To Keep Pace With Harvey https://t.co/iDeB419KiZ https://t.co/LOC512Mvo3	data_image/hurricane_harvey/3_9_2017/904274042659766272_0.jpg	rescue_volunteering_or_donation_effort	rescue_volunteering_or_donation_effort	rescue_volunteering_or_donation_effort	Positive	emergency_response
hurricane_harvey	905904205738766336	905904205738766336_0	(Buzzfeed):These #Harvey #Victims Blame Army Engineers, Not The Storm, For Flooding Their.. https://t.co/EMmwU4YJe7 https://t.co/2kUGNwDttX	data_image/hurricane_harvey/7_9_2017/905904205738766336_0.jpg	infrastructure_and_utility_damage	affected_individuals	infrastructure_and_utility_damage	Negative	emergency_response
california_wildfires	917839142880468994	917839142880468994_2	Slideshow: Ten intense photos from the California wildfires &gt;&gt; https://t.co/wkeGc9zSIG https://t.co/SV9pMLbQS2	data_image/california_wildfires/10_10_2017/917839142880468994_2.jpg	infrastructure_and_utility_damage	other_relevant_information	infrastructure_and_utility_damage	Negative	information_share
hurricane_harvey	901667661331005440	901667661331005440_2	&gt;Sees flooding outside &gt;Hmm I wonder if Whataburger is still open &gt;…Y'all are ridiculous #HurricaneHarvey https://t.co/DBQO96pYdc	data_image/hurricane_harvey/27_8_2017/901667661331005440_2.jpg	not_humanitarian	not_humanitarian	not_humanitarian	Positive	irrelevant
california_wildfires	919661659181871104	919661659181871104_0	Check out the NEW #CharityWatch #CaliforniaWildfires Hot Topic: https://t.co/UaqStd5Ozi https://t.co/KFj55nw2cD	data_image/california_wildfires/15_10_2017/919661659181871104_0.png	not_humanitarian	not_humanitarian	not_humanitarian	Positive	irrelevant
hurricane_harvey	905060300600303616	905060300600303616_0	Military charity Operation Supply Drop calls for help in Texas https://t.co/mCWyt39wUG #legion #houston #harvey https://t.co/1IEkt95YZB	data_image/hurricane_harvey/5_9_2017/905060300600303616_0.jpg	rescue_volunteering_or_donation_effort	rescue_volunteering_or_donation_effort	rescue_volunteering_or_donation_effort	Positive	emergency_response
hurricane_maria	910533136286650368	910533136286650368_0	At Least 9 Dead After ;Extremely Violent; Hurricane Maria Makes Landfall https://t.co/QqvfYUAGfM https://t.co/CwgfEI42RI	data_image/hurricane_maria/20_9_2017/910533136286650368_0.jpg	injured_or_dead_people	injured_or_dead_people	infrastructure_and_utility_damage	Negative	emergency_response
california_wildfires	919668662688239627	919668662688239627_1	Galifornia in Spain (picture), the Amazon in Brazil, California... The world in on fire á½¢Dá½¢1 https://t.co/hpPOaiIpLs	data_image/california_wildfires/15_10_2017/919668662688239627_1.jpg	not_humanitarian	not_humanitarian	other_relevant_information	Negative	irrelevant
hurricane_irma	909750382225747969	909750382225747969_0	Kudos to Governor @FLGovScott Rick Scott for the job done before and after Irma's impact to Florida! https://t.co/HdhG0nNoDb	data_image/hurricane_irma/18_9_2017/909750382225747969_0.jpg	not_humanitarian	other_relevant_information	not_humanitarian	Negative	information_share
hurricane_maria	912077714227593216	912077714227593216_1	RT @TreyYingst: New satellite images show widespread destruction in St. Croix after Hurricane Maria https://t.co/qTrQXHNxMQ	data_image/hurricane_maria/24_9_2017/912077714227593216_1.jpg	infrastructure_and_utility_damage	infrastructure_and_utility_damage	infrastructure_and_utility_damage	Positive	damage_report
mexico_earthquake	914159067144134656	914159067144134656_0	Hoover High students holding benefit concert for Mexico City earthquake victims: https://t.co/XeAq9UqiJY https://t.co/VPRsqymmGf	data_image/mexico_earthquake/30_9_2017/914159067144134656_0.jpg	rescue_volunteering_or_donation_effort	rescue_volunteering_or_donation_effort	rescue_volunteering_or_donation_effort	Positive	emergency_response
hurricane_maria	928437485369257986	928437485369257986_0	A8 A painting from a local artist in Puerto Rico #foodtravelchat https://t.co/WzBM8m6gDs	data_image/hurricane_maria/9_11_2017/928437485369257986_0.jpg	not_humanitarian	not_humanitarian	not_humanitarian	Positive	irrelevant
hurricane_harvey	907069889843748864	907069889843748864_3	Multiple mission teams in member homes today as Harvey recovery continues in our community here in SETX. https://t.co/00QZTGhl9V	data_image/hurricane_harvey/11_9_2017/907069889843748864_3.jpg	infrastructure_and_utility_damage	rescue_volunteering_or_donation_effort	infrastructure_and_utility_damage	Negative	emergency_response
hurricane_maria	923598248144785409	923598248144785409_0	Puerto Rico's power outages are the largest in US history, report says https://t.co/EcHPNBSmuS	data_image/hurricane_maria/26_10_2017/923598248144785409_0.png	not_humanitarian	infrastructure_and_utility_damage	not_humanitarian	Negative	damage_report
hurricane_harvey	906482769965998080	906482769965998080_0	#Direusta Harvey S. Firestone https://t.co/LTETsY109z	data_image/hurricane_harvey/9_9_2017/906482769965998080_0.jpg	not_humanitarian	not_humanitarian	not_humanitarian	Positive	irrelevant
hurricane_maria	913060277637255168	913060277637255168_0	RT @WPXI: Clemente Museum holding open house to help Puerto Rico https://t.co/8tptP0U7Ii #HurricaneMaria https://t.co/6AyGc0H6cU	data_image/hurricane_maria/27_9_2017/913060277637255168_0.jpg	rescue_volunteering_or_donation_effort	rescue_volunteering_or_donation_effort	infrastructure_and_utility_damage	Negative	emergency_response
hurricane_harvey	907411740639588352	907411740639588352_0	Series&gt; In the Wake of Hurricane Harvey, New Orleans Shows True S &gt;&gt; https://t.co/5xjtp1jFBP #serie https://t.co/adqfSWwsVZ	data_image/hurricane_harvey/12_9_2017/907411740639588352_0.jpg	affected_individuals	other_relevant_information	affected_individuals	Negative	information_share
hurricane_maria	915195302629511168	915195302629511168_0	Thanks to our awesome members for their donations to Hurricane Maria drive. #clubpilateswintergarden #helpingothers https://t.co/LITZCEZ1IR	data_image/hurricane_maria/3_10_2017/915195302629511168_0.jpg	rescue_volunteering_or_donation_effort	rescue_volunteering_or_donation_effort	rescue_volunteering_or_donation_effort	Positive	emergency_response
hurricane_harvey	907636218032136192	907636218032136192_0	Why There Is No Magic Formula to Recovery After a Disaster https://t.co/M5LDJBw8IM https://t.co/6rpk8QDwcc	data_image/hurricane_harvey/12_9_2017/907636218032136192_0.jpg	affected_individuals	other_relevant_information	affected_individuals	Negative	information_share
iraq_iran_earthquake	930361931629780993	930361931629780993_0	12,000 Houses Destroyed by Earthquake in #Iran|ian #Kurdistan - #BasNews https://t.co/FPkvL0B4oV https://t.co/lwmJ0lunHD	data_image/iraq_iran_earthquake/14_11_2017/930361931629780993_0.jpg	infrastructure_and_utility_damage	infrastructure_and_utility_damage	infrastructure_and_utility_damage	Positive	damage_report
hurricane_maria	922004023439511552	922004023439511552_0	Trump Finally Tweeted About Puerto Rico But People Are Pissed About What He Said https://t.co/IptjcGAe5o https://t.co/RI6Fiz2meR	data_image/hurricane_maria/22_10_2017/922004023439511552_0.jpg	other_relevant_information	other_relevant_information	infrastructure_and_utility_damage	Negative	information_share
hurricane_harvey	905956692176850945	905956692176850945_0	Harvey Beaks dooooodle https://t.co/NtNb3dl0O5	data_image/hurricane_harvey/8_9_2017/905956692176850945_0.jpg	not_humanitarian	not_humanitarian	not_humanitarian	Positive	irrelevant
hurricane_harvey	905150048903864322	905150048903864322_0	Steve Harvey is loyal to Bill Cosby: â€˜When Iâ€™m your friend, Iâ€™m yourÂ friendâ€™ https://t.co/j7dyinyix0 https://t.co/5iUFdHvWyg	data_image/hurricane_harvey/5_9_2017/905150048903864322_0.jpg	not_humanitarian	not_humanitarian	not_humanitarian	Positive	irrelevant
hurricane_irma	909697755664265216	909697755664265216_0	#BiotestPicnic We were closed a few days from Irma, you still have a chance to win your favorite basket! #plasma https://t.co/xLsyzoX0Tg	data_image/hurricane_irma/18_9_2017/909697755664265216_0.jpg	not_humanitarian	not_humanitarian	not_humanitarian	Positive	irrelevant
hurricane_irma	909831928618061826	909831928618061826_0	Irma death toll in Florida at 34 -- and rising https://t.co/CWEfL4tgI3 https://t.co/OJUPFqKnA4	data_image/hurricane_irma/18_9_2017/909831928618061826_0.jpg	vehicle_damage	injured_or_dead_people	vehicle_damage	Negative	emergency_response
hurricane_harvey	908037995344814080	908037995344814080_0	Texan nuclear plant runs through Hurricane Harvey https://t.co/PfcsXQnYt0 https://t.co/u7c2WrQrdC	data_image/hurricane_harvey/13_9_2017/908037995344814080_0.jpg	infrastructure_and_utility_damage	infrastructure_and_utility_damage	not_humanitarian	Negative	damage_report
hurricane_maria	915306800890728448	915306800890728448_1	RT @OfficialJoelF: Trump passed out supplies in Puerto Rico today. He shoots. He scores! https://t.co/mnoLR8CvKz	data_image/hurricane_maria/3_10_2017/915306800890728448_1.jpg	rescue_volunteering_or_donation_effort	rescue_volunteering_or_donation_effort	not_humanitarian	Negative	emergency_response
hurricane_irma	910236675615358978	910236675615358978_0	Help our members affected by Harvey and Irma #DreamBigger by donating at https://t.co/B7ySYCPZS5 https://t.co/PBBMnhTvl8	data_image/hurricane_irma/19_9_2017/910236675615358978_0.jpg	not_humanitarian	rescue_volunteering_or_donation_effort	not_humanitarian	Negative	emergency_response
hurricane_harvey	906947024645488642	906947024645488642_0	RT @orlandosentinel: Hurricane #Irma brings tropical winds, possible tornado in Brevard https://t.co/FU7Kt2vmJx https://t.co/QueA2OGFYB	data_image/hurricane_harvey/10_9_2017/906947024645488642_0.jpg	other_relevant_information	other_relevant_information	other_relevant_information	Positive	information_share
hurricane_irma	910102466204770304	910102466204770304_0	#Irma at my house just after the stom and during the surge- from my kitchen window https://t.co/FvkGlhvEzO	data_image/hurricane_irma/19_9_2017/910102466204770304_0.jpg	infrastructure_and_utility_damage	infrastructure_and_utility_damage	infrastructure_and_utility_damage	Positive	damage_report
hurricane_harvey	905852980376866816	905852980376866816_0	People in #Katy keeping a sense of humor while clearing out homes gutted by #HurricaneHarvey. https://t.co/yOtTWqFJED	data_image/hurricane_harvey/7_9_2017/905852980376866816_0.jpg	not_humanitarian	infrastructure_and_utility_damage	not_humanitarian	Negative	damage_report
hurricane_irma	909903393904320513	909903393904320513_0	RT @idkmegs: Thank u irma for keeping me out of school long enough for me to spend way too much time at the pool! https://t.co/LwGlQrbDR6	data_image/hurricane_irma/18_9_2017/909903393904320513_0.jpg	not_humanitarian	not_humanitarian	not_humanitarian	Positive	irrelevant
hurricane_maria	914409439788244992	914409439788244992_0	@sketchEN7 @2_gryphon It sure is... https://t.co/jgCbLA4GEa https://t.co/wFr7JHtcMy	data_image/hurricane_maria/1_10_2017/914409439788244992_0.jpg	other_relevant_information	not_humanitarian	other_relevant_information	Negative	irrelevant
california_wildfires	923232141856604161	923232141856604161_0	California wildfires: Even 2 years on, home loss tough to shake https://t.co/WuKPXfqDGS	data_image/california_wildfires/25_10_2017/923232141856604161_0.png	infrastructure_and_utility_damage	infrastructure_and_utility_damage	not_humanitarian	Negative	damage_report
california_wildfires	923725791086526466	923725791086526466_1	Go to https://t.co/MDFk59X16v and grab a shirt to support people affected by the northern california wildfires . á½¤Fá¼¿E https://t.co/CNZBuLmwEr	data_image/california_wildfires/27_10_2017/923725791086526466_1.jpg	rescue_volunteering_or_donation_effort	rescue_volunteering_or_donation_effort	not_humanitarian	Negative	emergency_response
mexico_earthquake	910771418773835776	910771418773835776_0	Everyday Citizens Lend A Hand In Mexico City After Earthquake | NBC Nightly News - https://t.co/WAgSKjdGq2 https://t.co/emy0njzyWw	data_image/mexico_earthquake/21_9_2017/910771418773835776_0.jpg	rescue_volunteering_or_donation_effort	rescue_volunteering_or_donation_effort	rescue_volunteering_or_donation_effort	Positive	emergency_response
hurricane_irma	910209322038284288	910209322038284288_0	Hurricanes Harvey and Irma weaken US homebuilding https://t.co/2Q2tLr6WtR https://t.co/wU3dsostX4	data_image/hurricane_irma/19_9_2017/910209322038284288_0.jpg	infrastructure_and_utility_damage	infrastructure_and_utility_damage	other_relevant_information	Negative	damage_report
hurricane_harvey	904874532489527300	904874532489527300_0	"RT @NBCNews: They battled Harvey. Now Texas ""Dreamers"" face DACA's possible demise. https://t.co/2J5yCMShAC https://t.co/LiBc9SBWqj"	data_image/hurricane_harvey/5_9_2017/904874532489527300_0.jpg	not_humanitarian	not_humanitarian	not_humanitarian	Positive	irrelevant
hurricane_irma	910224187976908801	910224187976908801_0	RT @alexsbart10: Miami Beach teens reported missing after Hurricane Irma #PrayForFlorida https://t.co/vnboozXVqi	data_image/hurricane_irma/19_9_2017/910224187976908801_0.jpg	not_humanitarian	other_relevant_information	not_humanitarian	Negative	information_share
hurricane_irma	909960233811881984	909960233811881984_0	Neenah police and N&amp;M Transfer are collecting supplies for Hurricane Irma victims. https://t.co/ygCoZrERwn #whbynews https://t.co/i5UkjBW4u9	data_image/hurricane_irma/19_9_2017/909960233811881984_0.jpg	not_humanitarian	rescue_volunteering_or_donation_effort	not_humanitarian	Negative	emergency_response
iraq_iran_earthquake	931535497679294464	931535497679294464_0	After huge earthquake at west of iran. City and many villages have collapsed. https://t.co/CN8ymtIFPS	data_image/iraq_iran_earthquake/17_11_2017/931535497679294464_0.jpg	infrastructure_and_utility_damage	infrastructure_and_utility_damage	infrastructure_and_utility_damage	Positive	damage_report
hurricane_harvey	905360132829216770	905360132829216770_0	Love is like a tornado, picks you up off your feet and sometimes takes half your house. https://t.co/DfjgyyY2JN	data_image/hurricane_harvey/6_9_2017/905360132829216770_0.jpg	not_humanitarian	not_humanitarian	not_humanitarian	Positive	irrelevant
hurricane_irma	909412843786768384	909412843786768384_0	Exactly 1 week ago at this time right when Irma was starting we lost power, this is my hot and miserable face. https://t.co/ugGMisGBQV	data_image/hurricane_irma/17_9_2017/909412843786768384_0.jpg	other_relevant_information	other_relevant_information	not_humanitarian	Negative	information_share
hurricane_maria	923652496660115457	923652496660115457_0	Trump says Puerto Rico won't be an easy fix https://t.co/ROuFBj70GI https://t.co/OzkKY15iet	data_image/hurricane_maria/26_10_2017/923652496660115457_0.jpg	not_humanitarian	not_humanitarian	not_humanitarian	Positive	irrelevant
hurricane_irma	910117361025462272	910117361025462272_0	Colonel Spaulding &amp; Chief Thompson assisted #FHP troopers at the 7 mile bridge checkpoint in Marathon, Florida this‚Ä¶ https://t.co/GQkAHgGZQV	data_image/hurricane_irma/19_9_2017/910117361025462272_0.jpg	not_humanitarian	not_humanitarian	not_humanitarian	Positive	irrelevant
hurricane_harvey	901792186030637057	901792186030637057_0	Historic, catastrophic flooding underway in Houston from Tropical Storm Harvey https://t.co/2a6YtgMLkC https://t.co/9uEXEk2XRl	data_image/hurricane_harvey/27_8_2017/901792186030637057_0.jpg	infrastructure_and_utility_damage	infrastructure_and_utility_damage	infrastructure_and_utility_damage	Positive	damage_report
hurricane_harvey	908111834418466816	908111834418466816_1	RT @JimMustian: Water levels remain high outside Eastgate, Texas. So many roads still inundated. #Harvey https://t.co/gqlfu0b9vW	data_image/hurricane_harvey/13_9_2017/908111834418466816_1.jpg	infrastructure_and_utility_damage	infrastructure_and_utility_damage	infrastructure_and_utility_damage	Positive	damage_report
hurricane_harvey	905184065061576704	905184065061576704_1	#hurricaneharvey crashed my brother &amp; his (not quite yet) wife's wedding, but look at them living!!! https://t.co/oi0BovDQJc	data_image/hurricane_harvey/5_9_2017/905184065061576704_1.jpg	other_relevant_information	other_relevant_information	not_humanitarian	Negative	information_share
hurricane_maria	910566158855684096	910566158855684096_0	City of San Juan is completely without power due to Hurricane Maria, mayor confirms https://t.co/OBvjVSYOa3 (NBC) https://t.co/CaV3gUbOzF	data_image/hurricane_maria/20_9_2017/910566158855684096_0.jpg	infrastructure_and_utility_damage	infrastructure_and_utility_damage	other_relevant_information	Negative	damage_report
california_wildfires	921883056146927616	921883056146927616_0	Michio Kaku On Record-Setting Hurricanes In Florida And Houston, California Wildfires, Mexi https://t.co/wccxRUScJl https://t.co/vamqWAmUbt	data_image/california_wildfires/21_10_2017/921883056146927616_0.jpg	not_humanitarian	not_humanitarian	not_humanitarian	Positive	irrelevant
mexico_earthquake	910702171208994816	910702171208994816_0	Parents consult lists of the living and the dead after earthquake destroys school in Mexico City - ... consult li... https://t.co/oSiWl5nrsn	data_image/mexico_earthquake/21_9_2017/910702171208994816_0.jpg	rescue_volunteering_or_donation_effort	infrastructure_and_utility_damage	rescue_volunteering_or_donation_effort	Negative	damage_report
hurricane_harvey	905056078123212800	905056078123212800_0	SFHS English Department has you covered with your back to school, post Harvey, supply needs! Stop by D103! https://t.co/XL0JmjDJQ3	data_image/hurricane_harvey/5_9_2017/905056078123212800_0.jpg	rescue_volunteering_or_donation_effort	rescue_volunteering_or_donation_effort	not_humanitarian	Negative	emergency_response
hurricane_harvey	905486837162147841	905486837162147841_0	Reuters Exclusive- An army of tow trucks tackles Houston's flood-damaged cars from #Harvey https://t.co/FJB3sHeQrs https://t.co/bIbbdP0HUn	data_image/hurricane_harvey/6_9_2017/905486837162147841_0.jpg	vehicle_damage	vehicle_damage	vehicle_damage	Positive	damage_report
iraq_iran_earthquake	930570718168928256	930570718168928256_0	Devastating Earthquake Near Iran-Iraq Bоrder Has Left Survivоrs Phуsicallу and… https://t.co/pHjOxxatUe https://t.co/uCsjf5BfPs	data_image/iraq_iran_earthquake/14_11_2017/930570718168928256_0.jpg	infrastructure_and_utility_damage	affected_individuals	infrastructure_and_utility_damage	Negative	emergency_response
hurricane_maria	910726543541972992	910726543541972992_0	First pictures out of St. Croix and Vieques show the devastating Hurricane Maria damage https://t.co/h7swIM1jxh https://t.co/iaxUCfabTa	data_image/hurricane_maria/21_9_2017/910726543541972992_0.jpg	infrastructure_and_utility_damage	infrastructure_and_utility_damage	infrastructure_and_utility_damage	Positive	damage_report
hurricane_maria	928972399139344384	928972399139344384_0	Giant sinkholes weighing down Puerto Rico https://t.co/VKFdh5VJIW https://t.co/1uv81an6d2	data_image/hurricane_maria/10_11_2017/928972399139344384_0.jpg	infrastructure_and_utility_damage	not_humanitarian	infrastructure_and_utility_damage	Negative	irrelevant
hurricane_harvey	901701285828689920	901701285828689920_0	Steve Harvey was sitting in front of Lebron James! .@IAmSteveHarvey .@realDonaldTrump please RT https://t.co/Rzr5efSTOG	data_image/hurricane_harvey/27_8_2017/901701285828689920_0.jpg	not_humanitarian	not_humanitarian	not_humanitarian	Positive	irrelevant
california_wildfires	918354135350616064	918354135350616064_2	Anyways, I drove through the Redwood Forest then next to the California wildfires https://t.co/yiK5BQh7PF	data_image/california_wildfires/12_10_2017/918354135350616064_2.jpg	not_humanitarian	other_relevant_information	not_humanitarian	Negative	information_share
iraq_iran_earthquake	929992506158149635	929992506158149635_0	RT @AhmadiyyaTimes: Baghdad: Powerful earthquake on Iran-Iraq border kills 207 people https://t.co/86eNttQ1p4 Pls RT https://t.co/YYiWsqD0ES	data_image/iraq_iran_earthquake/13_11_2017/929992506158149635_0.jpg	other_relevant_information	injured_or_dead_people	other_relevant_information	Negative	emergency_response
hurricane_maria	927722288123748352	927722288123748352_0	$459* -- Minneapolis Nonstop to Puerto Rico in Winter (R/T) https://t.co/XuI9MAmgZz #msp #sju #suncountryairlines https://t.co/pTTkUlHw8G	data_image/hurricane_maria/7_11_2017/927722288123748352_0.jpg	not_humanitarian	not_humanitarian	not_humanitarian	Positive	irrelevant
mexico_earthquake	914942756815986689	914942756815986689_0	NiLP Report: Inequlities of the Mexico Earthquake https://t.co/CO2s2Qr51K https://t.co/smxA6acfTX	data_image/mexico_earthquake/2_10_2017/914942756815986689_0.jpg	not_humanitarian	not_humanitarian	not_humanitarian	Positive	irrelevant
hurricane_irma	910035953976299521	910035953976299521_0	How to support @woccu fund for Caribbean credit unions hit by Hurricane Irma #coops https://t.co/MBLNDeJlij https://t.co/kIM5DSzsbV	data_image/hurricane_irma/19_9_2017/910035953976299521_0.jpg	rescue_volunteering_or_donation_effort	rescue_volunteering_or_donation_effort	other_relevant_information	Negative	emergency_response
california_wildfires	918358890302947328	918358890302947328_0	Sonoma and Napa Wineries Damaged by California Wildfires: Updated List https://t.co/QjZhtqshU7 https://t.co/onyQongBhn	data_image/california_wildfires/12_10_2017/918358890302947328_0.jpg	infrastructure_and_utility_damage	infrastructure_and_utility_damage	infrastructure_and_utility_damage	Positive	damage_report
hurricane_maria	928018676946821120	928018676946821120_0	#towergarden ready to grow again after Hurricane Maria! https://t.co/miBUAx2EZ7	data_image/hurricane_maria/7_11_2017/928018676946821120_0.jpg	other_relevant_information	other_relevant_information	not_humanitarian	Negative	information_share
hurricane_maria	911688647774261249	911688647774261249_0	#providersafety #tourplanning Providers headed to the East Coast this week. Latest #HurricaneMaria forecast models https://t.co/KjGxfppZcK	data_image/hurricane_maria/23_9_2017/911688647774261249_0.jpg	other_relevant_information	other_relevant_information	other_relevant_information	Positive	information_share
hurricane_maria	922832520512770050	922832520512770050_0	238? Puerto Rico put in a bid. Now that could lead to a big economic swing. https://t.co/XUmZXjwncr	data_image/hurricane_maria/24_10_2017/922832520512770050_0.jpg	not_humanitarian	not_humanitarian	not_humanitarian	Positive	irrelevant
hurricane_harvey	906634259674357765	906634259674357765_0	RT @FloridaStorms: Tornado warning for Lower #Keys including #KeyWest. Storm moving SW at 70mph. https://t.co/NIvF1RD6M4	data_image/hurricane_harvey/9_9_2017/906634259674357765_0.jpg	other_relevant_information	other_relevant_information	other_relevant_information	Positive	information_share
hurricane_harvey	901663546701905920	901663546701905920_0	RT @BBCJamesCook: The little town of Rockport has suffered severe damage from #HurricaneHarvey. https://t.co/fBZFMABaKZ	data_image/hurricane_harvey/27_8_2017/901663546701905920_0.jpg	infrastructure_and_utility_damage	infrastructure_and_utility_damage	infrastructure_and_utility_damage	Positive	damage_report
hurricane_irma	909974100419911680	909974100419911680_0	Storm surge policy questions swell in the wake of Hurricane Irma https://t.co/VGVxRiVAJF https://t.co/3WwnBWeNbt	data_image/hurricane_irma/19_9_2017/909974100419911680_0.jpg	other_relevant_information	other_relevant_information	infrastructure_and_utility_damage	Negative	information_share
hurricane_harvey	901671503435063296	901671503435063296_0	RT @StormVisuals: First light reveals heavy damage in Rockport, TX. #hurricaneharvey. https://t.co/a9vVRn9iJS	data_image/hurricane_harvey/27_8_2017/901671503435063296_0.jpg	infrastructure_and_utility_damage	infrastructure_and_utility_damage	infrastructure_and_utility_damage	Positive	damage_report
california_wildfires	921435015078207488	921435015078207488_0	(Metro):At least 31 cannabis farms go up in smoke as wildfires rip through #California :.. https://t.co/eQgI1MNGhq https://t.co/87ljsERLlK	data_image/california_wildfires/20_10_2017/921435015078207488_0.jpg	not_humanitarian	infrastructure_and_utility_damage	not_humanitarian	Negative	damage_report
hurricane_maria	912332287278239745	912332287278239745_1	The Monday 11am update on Maria. The storm is a little stronger. Winds are at 80mph. #SpectrumNews #ncwx #Maria https://t.co/BwSO3i9mbU	data_image/hurricane_maria/25_9_2017/912332287278239745_1.jpg	other_relevant_information	other_relevant_information	other_relevant_information	Positive	information_share
hurricane_maria	913222624380989440	913222624380989440_0	Forecast track of #HurricaneMaria Freud said sometimes a cigar is just a cigar. https://t.co/ZnH55kUX9J	data_image/hurricane_maria/28_9_2017/913222624380989440_0.jpg	other_relevant_information	not_humanitarian	other_relevant_information	Negative	irrelevant
iraq_iran_earthquake	930022107278381057	930022107278381057_0	Pics from Iran 204 person killed &amp; 1600 injured by #earthquake yesterday #زلزال_إيران https://t.co/gOAvZmB8fw	data_image/iraq_iran_earthquake/13_11_2017/930022107278381057_0.jpg	injured_or_dead_people	injured_or_dead_people	affected_individuals	Negative	emergency_response
hurricane_maria	912022246008541191	912022246008541191_1	@realDonaldTrump Mr. President please stay focus and get your priorities straight! Hurricane Maria PR https://t.co/VECyPmbXme	data_image/hurricane_maria/24_9_2017/912022246008541191_1.jpg	not_humanitarian	not_humanitarian	infrastructure_and_utility_damage	Negative	irrelevant
hurricane_harvey	907200075687964672	907200075687964672_1	Twisted up sign and splintered light pole make me wonder if we had a small tornado here #HurricaneIrma https://t.co/zu0eIMwwMG	data_image/hurricane_harvey/11_9_2017/907200075687964672_1.jpg	infrastructure_and_utility_damage	infrastructure_and_utility_damage	infrastructure_and_utility_damage	Positive	damage_report
hurricane_harvey	908111238038675457	908111238038675457_0	Tornado Warning continues for Skyland NV, Lakeridge NV until 4:45 PM PDT https://t.co/zTARMkij39	data_image/hurricane_harvey/13_9_2017/908111238038675457_0.jpg	other_relevant_information	other_relevant_information	other_relevant_information	Positive	information_share
srilanka_floods	875461354584289281	875461354584289281_2	#USSLakeErie continue to provide #SriLanka humanitarian aid and assistance in wake of #FloodSL #AroundTheFleet https://t.co/J1tSp7r9ip	data_image/srilanka_floods/15_6_2017/875461354584289281_2.jpg	rescue_volunteering_or_donation_effort	rescue_volunteering_or_donation_effort	not_humanitarian	Negative	emergency_response
hurricane_irma	910127478315855872	910127478315855872_0	Hurricane Irma Florida Homeowner Claims are already up to nearly $2 Billion¬ https://t.co/zaVxW8PaWf https://t.co/I6YPfRcFYX	data_image/hurricane_irma/19_9_2017/910127478315855872_0.jpg	vehicle_damage	infrastructure_and_utility_damage	vehicle_damage	Negative	damage_report
hurricane_maria	921609151075274752	921609151075274752_0	RT @lizzyraps: itz an epileptic Halloween party. $ goes to Puerto Rico. Find daphne w the dollar prints ;) https://t.co/P6ftbeGIFo	data_image/hurricane_maria/21_10_2017/921609151075274752_0.jpg	not_humanitarian	not_humanitarian	not_humanitarian	Positive	irrelevant
hurricane_maria	913158387139055616	913158387139055616_0	Sunset and beach clean up activities on Nevis Island following Hurricane Maria @spann https://t.co/D9iFCSZjBD	data_image/hurricane_maria/27_9_2017/913158387139055616_0.jpg	other_relevant_information	other_relevant_information	not_humanitarian	Negative	information_share
